{
  "artifactType": "iouring-vs-poll-escalation",
  "generatedAt": "2026-03-20T06:14:17.333Z",
  "stopConditions": {
    "p95SpikeFactor": 3,
    "errorRateThreshold": 0.02
  },
  "rounds": 3,
  "initial": {
    "clients": 2,
    "connections": 10,
    "streams": 50,
    "messageSize": "4KB"
  },
  "escalation": {
    "clients": 1.3,
    "connections": 1.4,
    "streams": 1.5
  },
  "results": [
    {
      "protocol": "quic",
      "runtime": "fast",
      "level": 0,
      "iteration": 0,
      "clients": 2,
      "connections": 10,
      "streams": 50,
      "messageSize": "4KB",
      "totalStreams": 3000,
      "metrics": {
        "throughputMbps": 298.7963525835866,
        "streamsPerSecond": 4559.270516717325,
        "latencyMeanMs": 16.23,
        "latencyP50Ms": 11.998333333333333,
        "latencyP95Ms": 32.50833333333333,
        "latencyP99Ms": 39.29666666666666,
        "errors": 0,
        "totalStreams": 3000,
        "errorRate": 0,
        "wallElapsedMs": 658,
        "clientCpuPct": 58.20668693009119,
        "serverCpuPct": 36.83373860182371,
        "peakRssMB": 110.542848,
        "serverDriver": "io_uring"
      }
    },
    {
      "protocol": "quic",
      "runtime": "portable",
      "level": 0,
      "iteration": 0,
      "clients": 2,
      "connections": 10,
      "streams": 50,
      "messageSize": "4KB",
      "totalStreams": 3000,
      "metrics": {
        "throughputMbps": 313.0700636942675,
        "streamsPerSecond": 4777.070063694267,
        "latencyMeanMs": 13.571666666666667,
        "latencyP50Ms": 11.718333333333334,
        "latencyP95Ms": 19.456666666666667,
        "latencyP99Ms": 19.813333333333333,
        "errors": 0,
        "totalStreams": 3000,
        "errorRate": 0,
        "wallElapsedMs": 628,
        "clientCpuPct": 70.06369426751591,
        "serverCpuPct": 42.572770700636944,
        "peakRssMB": 131.350528,
        "serverDriver": "poll"
      }
    },
    {
      "protocol": "quic",
      "runtime": "fast",
      "level": 1,
      "iteration": 1,
      "clients": 3,
      "connections": 14,
      "streams": 75,
      "messageSize": "4KB",
      "totalStreams": 9450,
      "metrics": {
        "throughputMbps": 832.4129032258065,
        "streamsPerSecond": 12701.612903225807,
        "latencyMeanMs": 28.932222222222222,
        "latencyP50Ms": 24.665555555555557,
        "latencyP95Ms": 55.85999999999999,
        "latencyP99Ms": 59.9888888888889,
        "errors": 0,
        "totalStreams": 9450,
        "errorRate": 0,
        "wallElapsedMs": 744,
        "clientCpuPct": 141.80107526881721,
        "serverCpuPct": 71.1497311827957,
        "peakRssMB": 167.477248,
        "serverDriver": "io_uring"
      }
    },
    {
      "protocol": "quic",
      "runtime": "portable",
      "level": 1,
      "iteration": 1,
      "clients": 3,
      "connections": 14,
      "streams": 75,
      "messageSize": "4KB",
      "totalStreams": 9450,
      "metrics": {
        "throughputMbps": 664.501287553648,
        "streamsPerSecond": 10139.484978540771,
        "latencyMeanMs": 35.23444444444444,
        "latencyP50Ms": 29.194444444444443,
        "latencyP95Ms": 78.06222222222222,
        "latencyP99Ms": 86.18111111111111,
        "errors": 0,
        "totalStreams": 9450,
        "errorRate": 0,
        "wallElapsedMs": 932,
        "clientCpuPct": 128.96995708154506,
        "serverCpuPct": 76.9461373390558,
        "peakRssMB": 179.07712,
        "serverDriver": "poll"
      }
    },
    {
      "protocol": "quic",
      "runtime": "fast",
      "level": 2,
      "iteration": 2,
      "clients": 3,
      "connections": 20,
      "streams": 113,
      "messageSize": "16KB",
      "totalStreams": 20340,
      "metrics": null,
      "error": "Timeout after 210s"
    },
    {
      "protocol": "h3",
      "runtime": "fast",
      "level": 0,
      "iteration": 0,
      "clients": 2,
      "connections": 10,
      "streams": 50,
      "messageSize": "4KB",
      "totalStreams": 3000,
      "metrics": {
        "throughputMbps": 322.3081967213115,
        "streamsPerSecond": 4918.032786885246,
        "latencyMeanMs": 19.545,
        "latencyP50Ms": 20.180000000000003,
        "latencyP95Ms": 25.929999999999996,
        "latencyP99Ms": 27.013333333333332,
        "errors": 0,
        "totalStreams": 3000,
        "errorRate": 0,
        "wallElapsedMs": 610,
        "clientCpuPct": 86.55737704918033,
        "serverCpuPct": 48.110655737704924,
        "peakRssMB": 99.762176,
        "serverDriver": "io_uring"
      }
    },
    {
      "protocol": "h3",
      "runtime": "portable",
      "level": 0,
      "iteration": 0,
      "clients": 2,
      "connections": 10,
      "streams": 50,
      "messageSize": "4KB",
      "totalStreams": 3000,
      "metrics": {
        "throughputMbps": 328.2270450751252,
        "streamsPerSecond": 5008.347245409015,
        "latencyMeanMs": 18.656666666666666,
        "latencyP50Ms": 18.833333333333332,
        "latencyP95Ms": 21.75166666666667,
        "latencyP99Ms": 22.245,
        "errors": 0,
        "totalStreams": 3000,
        "errorRate": 0,
        "wallElapsedMs": 599,
        "clientCpuPct": 95.65943238731218,
        "serverCpuPct": 60.57813021702838,
        "peakRssMB": 121.454592,
        "serverDriver": "poll"
      }
    },
    {
      "protocol": "h3",
      "runtime": "fast",
      "level": 1,
      "iteration": 1,
      "clients": 3,
      "connections": 14,
      "streams": 75,
      "messageSize": "4KB",
      "totalStreams": 9450,
      "metrics": null,
      "error": "exited 1"
    },
    {
      "protocol": "h3",
      "runtime": "portable",
      "level": 1,
      "iteration": 1,
      "clients": 3,
      "connections": 14,
      "streams": 75,
      "messageSize": "4KB",
      "totalStreams": 9450,
      "metrics": {
        "throughputMbps": 787.9328244274809,
        "streamsPerSecond": 12022.900763358779,
        "latencyMeanMs": 40.70444444444445,
        "latencyP50Ms": 38.81777777777778,
        "latencyP95Ms": 57.78888888888888,
        "latencyP99Ms": 61.83555555555555,
        "errors": 0,
        "totalStreams": 9450,
        "errorRate": 0,
        "wallElapsedMs": 786,
        "clientCpuPct": 194.91094147582697,
        "serverCpuPct": 101.45674300254453,
        "peakRssMB": 145.8176,
        "serverDriver": "poll"
      }
    },
    {
      "protocol": "h3",
      "runtime": "portable",
      "level": 2,
      "iteration": 2,
      "clients": 3,
      "connections": 20,
      "streams": 113,
      "messageSize": "16KB",
      "totalStreams": 20340,
      "metrics": null,
      "error": "exited 1"
    }
  ]
}
