{
  "artifactType": "iouring-vs-poll-escalation",
  "generatedAt": "2026-03-19T16:07:06.273Z",
  "stopConditions": {
    "p95SpikeFactor": 3,
    "errorRateThreshold": 0.02
  },
  "rounds": 3,
  "initial": {
    "clients": 2,
    "connections": 10,
    "streams": 50,
    "messageSize": "4KB"
  },
  "escalation": {
    "clients": 1.3,
    "connections": 1.4,
    "streams": 1.5
  },
  "results": [
    {
      "protocol": "quic",
      "runtime": "fast",
      "level": 0,
      "iteration": 0,
      "clients": 2,
      "connections": 10,
      "streams": 50,
      "messageSize": "4KB",
      "totalStreams": 3000,
      "metrics": {
        "throughputMbps": 11.993411822119198,
        "streamsPerSecond": 183.0049411334106,
        "latencyMeanMs": 18.52,
        "latencyP50Ms": 16.623333333333335,
        "latencyP95Ms": 33.35,
        "latencyP99Ms": 38.10166666666667,
        "errors": 0,
        "totalStreams": 3000,
        "errorRate": 0,
        "wallElapsedMs": 16393,
        "clientCpuPct": 3.043982187519063,
        "serverCpuPct": 1.8982614530592326,
        "peakRssMB": 127.762432,
        "serverDriver": "io_uring"
      }
    },
    {
      "protocol": "quic",
      "runtime": "portable",
      "level": 0,
      "iteration": 0,
      "clients": 2,
      "connections": 10,
      "streams": 50,
      "messageSize": "4KB",
      "totalStreams": 3000,
      "metrics": {
        "throughputMbps": 336.08205128205134,
        "streamsPerSecond": 5128.205128205129,
        "latencyMeanMs": 12.873333333333333,
        "latencyP50Ms": 11.46,
        "latencyP95Ms": 21.86,
        "latencyP99Ms": 24.10166666666667,
        "errors": 0,
        "totalStreams": 3000,
        "errorRate": 0,
        "wallElapsedMs": 585,
        "clientCpuPct": 61.88034188034188,
        "serverCpuPct": 44.130427350427354,
        "peakRssMB": 113.590272,
        "serverDriver": "poll"
      }
    },
    {
      "protocol": "quic",
      "runtime": "fast",
      "level": 1,
      "iteration": 1,
      "clients": 3,
      "connections": 14,
      "streams": 75,
      "messageSize": "4KB",
      "totalStreams": 9450,
      "metrics": {
        "throughputMbps": 37.82770583923772,
        "streamsPerSecond": 577.2049841192279,
        "latencyMeanMs": 32.361111111111114,
        "latencyP50Ms": 27.483333333333334,
        "latencyP95Ms": 53.668888888888894,
        "latencyP99Ms": 68.87000000000002,
        "errors": 0,
        "totalStreams": 9450,
        "errorRate": 0,
        "wallElapsedMs": 16372,
        "clientCpuPct": 7.512826777424872,
        "serverCpuPct": 4.458416809186416,
        "peakRssMB": 168.574976,
        "serverDriver": "io_uring"
      }
    },
    {
      "protocol": "quic",
      "runtime": "portable",
      "level": 1,
      "iteration": 1,
      "clients": 3,
      "connections": 14,
      "streams": 75,
      "messageSize": "4KB",
      "totalStreams": 9450,
      "metrics": {
        "throughputMbps": 20.182337222186014,
        "streamsPerSecond": 307.9580264615786,
        "latencyMeanMs": 64.60111111111111,
        "latencyP50Ms": 33.629999999999995,
        "latencyP95Ms": 78.05000000000001,
        "latencyP99Ms": 83.38777777777779,
        "errors": 0,
        "totalStreams": 9450,
        "errorRate": 0,
        "wallElapsedMs": 30686,
        "clientCpuPct": 3.90406048360816,
        "serverCpuPct": 2.44603402202959,
        "peakRssMB": 139.870208,
        "serverDriver": "poll"
      }
    },
    {
      "protocol": "quic",
      "runtime": "fast",
      "level": 2,
      "iteration": 2,
      "clients": 3,
      "connections": 20,
      "streams": 113,
      "messageSize": "16KB",
      "totalStreams": 20340,
      "metrics": {
        "throughputMbps": 108.30372440688983,
        "streamsPerSecond": 413.1459213519662,
        "latencyMeanMs": 296.28333333333336,
        "latencyP50Ms": 231.40555555555557,
        "latencyP95Ms": 512.0866666666666,
        "latencyP99Ms": 3701.6033333333335,
        "errors": 0,
        "totalStreams": 20340,
        "errorRate": 0,
        "wallElapsedMs": 49232,
        "clientCpuPct": 10.131621709457264,
        "serverCpuPct": 5.933695563860904,
        "peakRssMB": 335.675392,
        "serverDriver": "io_uring"
      }
    },
    {
      "protocol": "h3",
      "runtime": "fast",
      "level": 0,
      "iteration": 0,
      "clients": 2,
      "connections": 10,
      "streams": 50,
      "messageSize": "4KB",
      "totalStreams": 3000,
      "metrics": {
        "throughputMbps": 9.034878911814713,
        "streamsPerSecond": 137.86131152061026,
        "latencyMeanMs": 31.903333333333332,
        "latencyP50Ms": 31.67833333333333,
        "latencyP95Ms": 44.475,
        "latencyP99Ms": 49.11833333333334,
        "errors": 0,
        "totalStreams": 3000,
        "errorRate": 0,
        "wallElapsedMs": 21761,
        "clientCpuPct": 3.0513303616561736,
        "serverCpuPct": 2.539014751160333,
        "peakRssMB": 122.830848,
        "serverDriver": "io_uring"
      }
    },
    {
      "protocol": "h3",
      "runtime": "portable",
      "level": 0,
      "iteration": 0,
      "clients": 2,
      "connections": 10,
      "streams": 50,
      "messageSize": "4KB",
      "totalStreams": 3000,
      "metrics": {
        "throughputMbps": 12.417701843406768,
        "streamsPerSecond": 189.4790930695613,
        "latencyMeanMs": 18.425762711864408,
        "latencyP50Ms": 17.25333333333333,
        "latencyP95Ms": 25.47,
        "latencyP99Ms": 26.338333333333328,
        "errors": 50,
        "totalStreams": 2950,
        "errorRate": 0.01694915254237288,
        "wallElapsedMs": 15569,
        "clientCpuPct": 4.162117027426296,
        "serverCpuPct": 2.8842379086646543,
        "peakRssMB": 105.2672,
        "serverDriver": "poll"
      }
    },
    {
      "protocol": "h3",
      "runtime": "fast",
      "level": 1,
      "iteration": 1,
      "clients": 3,
      "connections": 14,
      "streams": 75,
      "messageSize": "4KB",
      "totalStreams": 9450,
      "metrics": null,
      "error": "exited 1"
    },
    {
      "protocol": "h3",
      "runtime": "portable",
      "level": 1,
      "iteration": 1,
      "clients": 3,
      "connections": 14,
      "streams": 75,
      "messageSize": "4KB",
      "totalStreams": 9450,
      "metrics": null,
      "error": "exited 1"
    }
  ]
}
