{
  "artifactType": "iouring-vs-poll-escalation",
  "generatedAt": "2026-03-20T14:55:25.859Z",
  "stopConditions": {
    "p95SpikeFactor": 3,
    "errorRateThreshold": 0.02
  },
  "rounds": 3,
  "initial": {
    "clients": 2,
    "connections": 10,
    "streams": 50,
    "messageSize": "4KB"
  },
  "escalation": {
    "clients": 1.3,
    "connections": 1.4,
    "streams": 1.5
  },
  "results": [
    {
      "protocol": "quic",
      "runtime": "fast",
      "level": 0,
      "iteration": 0,
      "clients": 2,
      "connections": 10,
      "streams": 50,
      "messageSize": "4KB",
      "totalStreams": 3000,
      "metrics": {
        "throughputMbps": 1.6299486158796506,
        "streamsPerSecond": 24.871042112421424,
        "latencyMeanMs": 15.65463821273758,
        "latencyP50Ms": 15.641666666666667,
        "latencyP95Ms": 20.893333333333334,
        "latencyP99Ms": 25.05333333333333,
        "errors": 1,
        "totalStreams": 2999,
        "errorRate": 0.00033344448149383126,
        "wallElapsedMs": 120582,
        "clientCpuPct": 0.3333830920037817,
        "serverCpuPct": 0.32729346005208076,
        "peakRssMB": 114.573312,
        "serverDriver": "io_uring"
      }
    },
    {
      "protocol": "quic",
      "runtime": "portable",
      "level": 0,
      "iteration": 0,
      "clients": 2,
      "connections": 10,
      "streams": 50,
      "messageSize": "4KB",
      "totalStreams": 3000,
      "metrics": {
        "throughputMbps": 293.00745156482856,
        "streamsPerSecond": 4470.938897168405,
        "latencyMeanMs": 15.33,
        "latencyP50Ms": 11.043333333333331,
        "latencyP95Ms": 30.836666666666662,
        "latencyP99Ms": 37.71,
        "errors": 0,
        "totalStreams": 3000,
        "errorRate": 0,
        "wallElapsedMs": 671,
        "clientCpuPct": 67.06408345752608,
        "serverCpuPct": 43.62697466467959,
        "peakRssMB": 127.22176,
        "serverDriver": "poll"
      }
    },
    {
      "protocol": "quic",
      "runtime": "fast",
      "level": 1,
      "iteration": 1,
      "clients": 3,
      "connections": 14,
      "streams": 75,
      "messageSize": "4KB",
      "totalStreams": 9450,
      "metrics": {
        "throughputMbps": 5.127300053819084,
        "streamsPerSecond": 78.23638998137031,
        "latencyMeanMs": 42.98958937453699,
        "latencyP50Ms": 43.90888888888889,
        "latencyP95Ms": 75.87555555555555,
        "latencyP99Ms": 81.94333333333333,
        "errors": 1,
        "totalStreams": 9449,
        "errorRate": 0.00010583130489998942,
        "wallElapsedMs": 120775,
        "clientCpuPct": 0.9886151935417097,
        "serverCpuPct": 0.6250084868557235,
        "peakRssMB": 143.03232,
        "serverDriver": "io_uring"
      }
    },
    {
      "protocol": "quic",
      "runtime": "portable",
      "level": 1,
      "iteration": 1,
      "clients": 3,
      "connections": 14,
      "streams": 75,
      "messageSize": "4KB",
      "totalStreams": 9450,
      "metrics": {
        "throughputMbps": 650.5411764705882,
        "streamsPerSecond": 9926.470588235294,
        "latencyMeanMs": 40.132222222222225,
        "latencyP50Ms": 36.51555555555556,
        "latencyP95Ms": 78.35666666666667,
        "latencyP99Ms": 89.52,
        "errors": 0,
        "totalStreams": 9450,
        "errorRate": 0,
        "wallElapsedMs": 952,
        "clientCpuPct": 129.2016806722689,
        "serverCpuPct": 66.61313025210085,
        "peakRssMB": 188.039168,
        "serverDriver": "poll"
      }
    },
    {
      "protocol": "quic",
      "runtime": "portable",
      "level": 2,
      "iteration": 2,
      "clients": 3,
      "connections": 20,
      "streams": 113,
      "messageSize": "16KB",
      "totalStreams": 20340,
      "metrics": {
        "throughputMbps": 43.80590000575152,
        "streamsPerSecond": 167.1062469701825,
        "latencyMeanMs": 377.77977087225884,
        "latencyP50Ms": 164.57444444444445,
        "latencyP95Ms": 379.12666666666667,
        "latencyP99Ms": 6818.6611111111115,
        "errors": 2,
        "totalStreams": 20338,
        "errorRate": 0.00009833808634083981,
        "wallElapsedMs": 121707,
        "clientCpuPct": 3.5256805278250223,
        "serverCpuPct": 2.2443852859736912,
        "peakRssMB": 355.188736,
        "serverDriver": "poll"
      }
    },
    {
      "protocol": "h3",
      "runtime": "fast",
      "level": 0,
      "iteration": 0,
      "clients": 2,
      "connections": 10,
      "streams": 50,
      "messageSize": "4KB",
      "totalStreams": 3000,
      "metrics": {
        "throughputMbps": 323.3684210526316,
        "streamsPerSecond": 4934.21052631579,
        "latencyMeanMs": 18.523333333333333,
        "latencyP50Ms": 18.92,
        "latencyP95Ms": 23.205000000000002,
        "latencyP99Ms": 23.983333333333334,
        "errors": 0,
        "totalStreams": 3000,
        "errorRate": 0,
        "wallElapsedMs": 608,
        "clientCpuPct": 82.56578947368422,
        "serverCpuPct": 48.13157894736842,
        "peakRssMB": 101.072896,
        "serverDriver": "io_uring"
      }
    },
    {
      "protocol": "h3",
      "runtime": "portable",
      "level": 0,
      "iteration": 0,
      "clients": 2,
      "connections": 10,
      "streams": 50,
      "messageSize": "4KB",
      "totalStreams": 3000,
      "metrics": {
        "throughputMbps": 309.61889763779527,
        "streamsPerSecond": 4724.4094488188975,
        "latencyMeanMs": 19.946666666666665,
        "latencyP50Ms": 18.885,
        "latencyP95Ms": 30.926666666666666,
        "latencyP99Ms": 33.80833333333334,
        "errors": 0,
        "totalStreams": 3000,
        "errorRate": 0,
        "wallElapsedMs": 635,
        "clientCpuPct": 95.43307086614173,
        "serverCpuPct": 63.55338582677166,
        "peakRssMB": 116.81792,
        "serverDriver": "poll"
      }
    },
    {
      "protocol": "h3",
      "runtime": "fast",
      "level": 1,
      "iteration": 1,
      "clients": 3,
      "connections": 14,
      "streams": 75,
      "messageSize": "4KB",
      "totalStreams": 9450,
      "metrics": {
        "throughputMbps": 710.2238532110091,
        "streamsPerSecond": 10837.155963302752,
        "latencyMeanMs": 42.31666666666667,
        "latencyP50Ms": 42.062222222222225,
        "latencyP95Ms": 60.24888888888889,
        "latencyP99Ms": 65.56777777777778,
        "errors": 0,
        "totalStreams": 9450,
        "errorRate": 0,
        "wallElapsedMs": 872,
        "clientCpuPct": 155.27522935779817,
        "serverCpuPct": 82.21318807339449,
        "peakRssMB": 127.54944,
        "serverDriver": "io_uring"
      }
    },
    {
      "protocol": "h3",
      "runtime": "portable",
      "level": 1,
      "iteration": 1,
      "clients": 3,
      "connections": 14,
      "streams": 75,
      "messageSize": "4KB",
      "totalStreams": 9450,
      "metrics": {
        "throughputMbps": 815.9620553359683,
        "streamsPerSecond": 12450.592885375494,
        "latencyMeanMs": 37.24666666666667,
        "latencyP50Ms": 37.52111111111111,
        "latencyP95Ms": 49.10777777777778,
        "latencyP99Ms": 54.02000000000001,
        "errors": 0,
        "totalStreams": 9450,
        "errorRate": 0,
        "wallElapsedMs": 759,
        "clientCpuPct": 200.92226613965744,
        "serverCpuPct": 90.00553359683795,
        "peakRssMB": 145.801216,
        "serverDriver": "poll"
      }
    },
    {
      "protocol": "h3",
      "runtime": "fast",
      "level": 2,
      "iteration": 2,
      "clients": 3,
      "connections": 20,
      "streams": 113,
      "messageSize": "16KB",
      "totalStreams": 20340,
      "metrics": null,
      "error": "exited 1"
    },
    {
      "protocol": "h3",
      "runtime": "portable",
      "level": 2,
      "iteration": 2,
      "clients": 3,
      "connections": 20,
      "streams": 113,
      "messageSize": "16KB",
      "totalStreams": 20340,
      "metrics": null,
      "error": "exited 1"
    }
  ]
}
